pass_no,idx,rep,shape,first_seen,same_as_prev,wall_s,cpu_frac,reserved_mb,retries_delta
1,0,0,74x64,1,0,5.403,0.86,8860.0,
1,0,1,74x64,0,1,0.5171,0.99,8860.0,
1,1,0,48x64,1,0,4.0587,0.96,9568.0,
1,1,1,48x64,0,1,0.5295,1.0,9568.0,
1,2,0,64x62,1,0,4.5087,0.99,9568.0,
1,2,1,64x62,0,1,0.5216,0.99,9568.0,
1,3,0,96x64,1,0,3.4578,0.93,10774.0,
1,3,1,96x64,0,1,0.5298,1.0,10774.0,
2,0,0,48x64,0,0,0.5249,1.0,10774.0,
2,0,1,48x64,0,1,0.5279,1.0,10774.0,
2,1,0,64x62,0,0,0.5258,1.0,10774.0,
2,1,1,64x62,0,1,0.5272,1.0,10774.0,
2,2,0,96x64,0,0,0.5238,1.0,10774.0,
2,2,1,96x64,0,1,0.5303,1.0,10774.0,
2,3,0,74x64,0,0,0.5237,1.0,10774.0,
2,3,1,74x64,0,1,0.5255,1.0,10774.0,
3,0,0,48x64,0,0,0.5238,1.0,10774.0,
3,0,1,48x64,0,1,0.5274,1.0,10774.0,
3,1,0,74x64,0,0,0.5221,1.0,10774.0,
3,1,1,74x64,0,1,0.5232,1.0,10774.0,
3,2,0,64x62,0,0,0.5218,1.0,10774.0,
3,2,1,64x62,0,1,0.5235,1.0,10774.0,
3,3,0,96x64,0,0,0.526,1.0,10774.0,
3,3,1,96x64,0,1,0.5282,1.0,10774.0,
4,0,0,64x62,0,0,0.5235,1.0,10774.0,
4,0,1,64x62,0,1,0.5264,1.0,10774.0,
4,1,0,48x64,0,0,0.5257,1.0,10774.0,
4,1,1,48x64,0,1,0.5294,1.0,10774.0,
4,2,0,96x64,0,0,0.5323,1.0,10774.0,
4,2,1,96x64,0,1,0.5322,1.0,10774.0,
4,3,0,74x64,0,0,0.5261,1.0,10774.0,
4,3,1,74x64,0,1,0.5259,1.0,10774.0,
